{
  "MLP": {
    "warm": {
      "top1": 0.29637786746025085,
      "top3": 0.4659813940525055,
      "top5": 0.5567792654037476,
      "expected_hops": 3.4439549446105957,
      "coverage": 0.3885350318471338
    },
    "cold": {
      "top1": 0.12891224026679993,
      "top3": 0.23145107924938202,
      "top5": 0.3128693401813507,
      "expected_hops": 5.536003589630127,
      "coverage": 0.33121019108280253
    },
    "params": 35741
  },
  "LogReg": {
    "warm": {
      "top1": 0.2892804741859436,
      "top3": 0.453744500875473,
      "top5": 0.5474792122840881,
      "expected_hops": 3.617229461669922,
      "coverage": 0.37579617834394907
    },
    "cold": {
      "top1": 0.12475377321243286,
      "top3": 0.2306850552558899,
      "top5": 0.31505799293518066,
      "expected_hops": 5.027686595916748,
      "coverage": 0.31210191082802546
    }
  }
}