{
  "MLP": {
    "top1": 0.28700000047683716,
    "top3": 0.45559999346733093,
    "top5": 0.5460000038146973,
    "expected_hops": 3.401400089263916,
    "coverage": 0.4140127388535032,
    "params": 35741,
    "seconds": 3.208322048187256
  },
  "LogReg": {
    "top1": 0.2825999855995178,
    "top3": 0.44339999556541443,
    "top5": 0.5212000012397766,
    "expected_hops": 3.6489999294281006,
    "coverage": 0.40764331210191085,
    "params": 52438,
    "seconds": 9.061284065246582
  },
  "RandomForest": {
    "top1": 0.21379999816417694,
    "top3": 0.3370000123977661,
    "top5": 0.40400001406669617,
    "expected_hops": 4.173600196838379,
    "coverage": 0.6815286624203821,
    "params": null,
    "seconds": 2.3317339420318604
  },
  "kNN": {
    "top1": 0.2142000049352646,
    "top3": 0.31360000371932983,
    "top5": 0.3617999851703644,
    "expected_hops": 4.319399833679199,
    "coverage": 0.7006369426751592,
    "seconds": 0.03412771224975586
  }
}