{
  "MLP": {
    "warm": {
      "top1": 0.1679483950138092,
      "top3": 0.3210121691226959,
      "top5": 0.4247085154056549,
      "expected_hops": 4.831555366516113,
      "coverage": 0.3630573248407643
    },
    "cold": {
      "top1": 0.07290375977754593,
      "top3": 0.15479141473770142,
      "top5": 0.22552664577960968,
      "expected_hops": 5.954254627227783,
      "coverage": 0.1464968152866242
    },
    "params": 35741
  },
  "LogReg": {
    "warm": {
      "top1": 0.16249069571495056,
      "top3": 0.3125775158405304,
      "top5": 0.41156041622161865,
      "expected_hops": 4.9297943115234375,
      "coverage": 0.3630573248407643
    },
    "cold": {
      "top1": 0.07280049473047256,
      "top3": 0.14374224841594696,
      "top5": 0.19991739094257355,
      "expected_hops": 6.088496685028076,
      "coverage": 0.10191082802547771
    }
  }
}