{
  "MLP": {
    "top1": 0.1754000037908554,
    "top3": 0.3208000063896179,
    "top5": 0.40959998965263367,
    "expected_hops": 4.855000019073486,
    "coverage": 0.4012738853503185,
    "params": 35741,
    "seconds": 3.356142997741699
  },
  "LogReg": {
    "top1": 0.17059999704360962,
    "top3": 0.31380000710487366,
    "top5": 0.3952000141143799,
    "expected_hops": 4.966599941253662,
    "coverage": 0.3885350318471338,
    "params": 52438,
    "seconds": 7.298755645751953
  },
  "RandomForest": {
    "top1": 0.09300000220537186,
    "top3": 0.18440000712871552,
    "top5": 0.2502000033855438,
    "expected_hops": 5.909800052642822,
    "coverage": 0.9299363057324841,
    "params": null,
    "seconds": 2.8139560222625732
  },
  "kNN": {
    "top1": 0.0957999974489212,
    "top3": 0.16359999775886536,
    "top5": 0.21160000562667847,
    "expected_hops": 5.904200077056885,
    "coverage": 0.9299363057324841,
    "seconds": 0.03190469741821289
  }
}