{
  "name": "ablate_no_ctx_mp",
  "config": {
    "drop_metro": false,
    "no_ctx_mp": true,
    "n_layers": 2,
    "hidden": 64,
    "seed": 0
  },
  "test_metrics": {
    "loss": 3.48827109375,
    "top1": 0.1798,
    "top3": 0.3434,
    "top5": 0.4494,
    "expected_hops": 4.3632001876831055,
    "coverage": 0.3248407643312102,
    "zone_hops": {
      "airport": 8.14084529876709,
      "business": 2.9195313453674316,
      "hospital": 5.139240741729736,
      "industrial": 7.343859672546387,
      "leisure": 4.021276473999023,
      "residential": 6.267543792724609,
      "tourist": 2.875817060470581,
      "university": 4.333333492279053
    }
  },
  "best_val_metrics": {
    "loss": 3.44346953125,
    "top1": 0.1796,
    "top3": 0.3522,
    "top5": 0.4566,
    "expected_hops": 4.365200042724609,
    "coverage": 0.3248407643312102,
    "zone_hops": {
      "airport": 8.17670726776123,
      "business": 3.037903308868408,
      "hospital": 5.573573589324951,
      "industrial": 7.9930315017700195,
      "leisure": 4.162601470947266,
      "residential": 6.04066276550293,
      "tourist": 2.669447422027588,
      "university": 4.207547187805176
    }
  },
  "n_params": 83010
}